{"cameraMode":{"drawMode":0,"name":"Shaded","section":"Shading Mode"},"sceneLighting":true,"audioPlay":false,"sceneViewState":{"m_AlwaysRefresh":false,"showFog":true,"showSkybox":true,"showFlares":true,"showImageEffects":true,"showParticleSystems":true,"showVisualEffectGraphs":true,"m_FxEnabled":true},"in2DMode":false,"pivot":{"x":2.1091995239257814,"y":3.904672861099243,"z":-1.259601354598999},"rotation":{"x":-0.18222184479236604,"y":0.14891496300697328,"z":-0.02793109603226185,"w":-0.9715170860290527},"size":1.0055769681930543,"orthographic":false}